DATE,IVIX,GVIX,GV-Spread
2018/05/31,20.312680680419543,20.27503867837555,-3.7642002043991596e-2
2018/06/01,20.451274850191197,20.44188084509119,-9.394005100006098e-3
2018/06/04,19.422215437251218,19.456995314351683,3.4779877100465484e-2
2018/06/05,19.15312495118851,19.175346224672065,2.2221273483555848e-2
2018/06/06,18.790188039781683,18.814949033091654,2.4760993309971724e-2
2018/06/07,18.174536013615366,18.218167599287135,4.363158567176839e-2
2018/06/08,19.453547157714517,19.47486594181267,2.1318784098152577e-2
2018/06/11,20.135433813845744,20.190877073864286,5.544326001854216e-2
2018/06/12,19.05731501402172,19.14424179987975,8.692678585802938e-2
2018/06/13,19.388868756903126,19.458541618137044,6.967286123391858e-2
2018/06/14,19.81067486960634,19.90112878735212,9.045391774577993e-2
2018/06/15,20.272873348157653,20.37296747638584,0.10009412822818575
2018/06/19,23.9493506948277,23.969246237999783,1.9895543172083308e-2
2018/06/20,21.412806148699843,21.4305516244083,1.7745475708455416e-2
2018/06/21,20.199408466560826,20.22714545607279,2.7736989511964794e-2
2018/06/22,19.807708833749363,19.82037332204786,1.2664488298497645e-2
2018/06/25,20.89146415649155,20.83351820274391,-5.7945953747641e-2
2018/06/26,21.351557411101705,21.29194360666002,-5.96138044416854e-2
2018/06/27,23.037853609702456,22.936786965553683,-0.10106664414877287
2018/06/28,23.569151123457228,23.56334667583807,-5.804447619158992e-3
2018/06/29,21.839929782599356,21.89282381027729,5.289402767793305e-2
2018/07/02,25.557502612602057,25.469951423896468,-8.755118870558931e-2
2018/07/03,26.342811798252587,26.316899737874504,-2.5912060378082913e-2
2018/07/04,26.948262956052655,26.93154816675837,-1.6714789294287158e-2
2018/07/05,27.27032987337002,27.26097526383844,-9.354609531580849e-3
2018/07/06,26.237067763454057,26.29030771125337,5.3239947799312404e-2
2018/07/09,23.628214836221957,23.77902353757118,0.15080870134922364
2018/07/10,23.540725297882396,23.69253793548742,0.15181263760502262
2018/07/11,25.613168673354096,25.737743320260158,0.12457464690606201
2018/07/12,24.065971162643667,24.240540322140024,0.17456915949635743
2018/07/13,24.390768126650535,24.56956310756028,0.17879498090974622
2018/07/16,25.34049355294598,25.53150516854578,0.19101161559980184
2018/07/17,25.649240092414484,25.844181210520407,0.1949411181059233
2018/07/18,25.954195174831106,26.152998673871686,0.19880349904057937
2018/07/19,26.255318408656713,26.457918259506513,0.2025998508498006
2018/07/20,26.552962709459383,26.759298249111733,0.20633553965235052
2018/07/23,27.426445487311156,27.643652455455413,0.21720696814425722
2018/07/24,27.711035815845403,27.931757427176407,0.22072161133100465
2018/07/25,28.068259773854116,28.251849426956277,0.18358965310216036
2018/07/26,28.38350416903484,28.55087680977657,0.16737264074173197
2018/07/27,28.695095783527226,28.84661944757529,0.15152366404806372
2018/07/30,29.610626708674697,29.716642283524674,0.1060155748499767
2018/07/31,29.90914879807136,30.00062217083292,9.147337276155909e-2
2018/08/01,30.204682734083615,30.281904724875957,7.722199079234215e-2
2018/08/02,30.497029437085178,30.56027849478276,6.32490576975826e-2
2018/08/03,30.78656137584409,30.83610701486229,4.954563901819853e-2
2018/08/06,31.640452273678793,31.650370136327567,9.917862648773479e-3
2018/08/07,31.91935538409025,31.916529593165283,-2.825790924966043e-3
2018/08/08,32.196030919966276,32.180679614976384,-1.53513049898919e-2
2018/08/09,32.47033129128754,32.44267000798515,-2.7661283302393258e-2
2018/08/10,32.741823531690116,32.70205551323515,-3.976801845496425e-2
2018/08/13,33.5450199871277,33.47004549321679,-7.497449391091493e-2
2018/08/14,33.80873239953917,33.72237834273991,-8.635405679925867e-2
2018/08/15,34.07036593486703,33.97279884408831,-9.756709077871761e-2
2018/08/16,34.32943093605132,34.22081786127423,-0.10861307477708948
2018/08/17,34.586682218466066,34.46717909245857,-0.11950312600749413
2018/08/20,35.3472572050145,35.19597740631681,-0.15127979869769348
2018/08/21,35.5972533724264,35.43566375635855,-0.16158961606785027
2018/08/22,36.29388027814381,36.057834911991065,-0.2360453661527444
2018/08/23,36.449193171486975,36.21626451576797,-0.23292865571900734
2018/08/24,36.60335509527617,36.37351436020025,-0.22984073507592484
2018/08/27,37.061742638644525,36.840983968353044,-0.220758670291481
2018/08/28,37.21309438742211,36.99530454771381,-0.21778983970830268
2018/08/29,37.36361699683112,37.148768207114806,-0.2148487897163136
2018/08/30,37.51339720992558,37.30146181028074,-0.21193539964483676
2018/08/31,37.66277652519327,37.45372580049867,-0.20905072469460606
2018/09/03,38.10724445365927,37.90668614508797,-0.20055830857130275
2018/09/04,38.25398702920736,38.0562079228524,-0.19777910635495743
2018/09/05,38.40008073538128,38.20505336656563,-0.19502736881565141
2018/09/06,38.545909578792056,38.3536098927227,-0.19229968606935444
2018/09/07,38.69181419424781,38.50221611858772,-0.18959807566009346
2018/09/10,39.12399056666619,38.94236284432265,-0.18162772234353497
2018/09/11,39.267149768842984,39.088133484899,-0.17901628394398728
2018/09/12,39.40945791207119,39.23303065957162,-0.1764272524995718
2018/09/13,39.55121803431947,39.37735817926825,-0.17385985505121937
2018/09/14,39.69221558091371,39.52090088586742,-0.17131469504629138
2018/09/17,40.112804564268515,39.94900290437082,-0.16380165989769324
2018/09/18,40.252081642627175,40.09074323417208,-0.1613384084550944
2018/09/19,40.39072735526968,40.23183330160876,-0.1588940536609229
2018/09/20,40.52879987820302,40.37233023945011,-0.15646963875290965
2018/09/21,40.666583330706764,40.512520233711534,-0.15406309699523035
2018/09/25,41.21304084356491,41.06841784106575,-0.14462300249915927
2018/09/26,,,
2018/09/27,,,
2018/09/28,,,
2018/10/08,,,
2018/10/09,,,
2018/10/10,,,
2018/10/11,,,
2018/10/12,,,
2018/10/15,,,
2018/10/16,,,
2018/10/17,,,
2018/10/18,,,
2018/10/19,,,
2018/10/22,,,
2018/10/23,,,
2018/10/24,,,
2018/10/25,,,
2018/10/26,,,
2018/10/29,,,
2018/10/30,,,
2018/10/31,,,
2018/11/01,,,
2018/11/02,,,
2018/11/05,,,
2018/11/06,,,
2018/11/07,,,
2018/11/08,,,
2018/11/09,,,
2018/11/12,,,
2018/11/13,,,
2018/11/14,,,
2018/11/15,,,
2018/11/16,,,
2018/11/19,,,
2018/11/20,,,
2018/11/21,,,
2018/11/22,,,
2018/11/23,,,
2018/11/26,,,
2018/11/27,,,
2018/11/28,,,
2018/11/29,,,
2018/11/30,,,
2018/12/03,,,
2018/12/04,,,
2018/12/05,,,
2018/12/06,,,
2018/12/07,,,
2018/12/10,,,
2018/12/11,,,
2018/12/12,,,
2018/12/13,,,
2018/12/14,,,
2018/12/17,,,
2018/12/18,,,
2018/12/19,,,
2018/12/20,,,
2018/12/21,,,
2018/12/24,,,
2018/12/25,,,
2018/12/26,23.356213200119626,23.29736129307105,-5.8851907048577345e-2
2018/12/27,22.96963455078538,22.94196070284318,-2.767384794220007e-2
2018/12/28,22.723298428627132,22.705292112516812,-1.8006316110319887e-2
2019/01/02,22.49798466949604,22.447559901076914,-5.042476841912702e-2
2019/01/03,22.188044671012655,22.185712260411446,-2.332410601209034e-3
2019/01/04,21.4667280812091,21.51327883400018,4.655075279107734e-2
2019/01/07,21.886152213631036,21.92830231001887,4.2150096387835845e-2
2019/01/08,20.916797019320708,20.94603072172653,2.9233702405822015e-2
2019/01/09,19.15437980216548,19.210520854405004,5.6141052239524925e-2
2019/01/10,18.93743110845894,18.986582751791442,4.915164333250033e-2
2019/01/11,18.317063918372774,18.384527615578797,6.746369720602274e-2
2019/01/14,18.73186724233192,18.783220707568418,5.135346523649886e-2
2019/01/15,17.904892548875505,17.97335225193482,6.845970305931459e-2
2019/01/16,16.89826319389973,16.959367258072337,6.110406417260705e-2
2019/01/17,17.463676303368008,17.53142930236531,6.775299899730314e-2
2019/01/18,17.888472224013622,17.972693603037442,8.422137902381976e-2
2019/01/21,19.2343737943833,19.351981165735417,0.1176073713521184
2019/01/22,17.643936984086732,17.707806167475397,6.386918338866465e-2
2019/01/23,16.58692915178882,16.646940085550785,6.0010933761965646e-2
2019/01/24,14.981795153962524,15.019864546701426,3.806939273890109e-2
2019/01/25,15.008365577887156,15.083021284635386,7.465570674822963e-2
2019/01/28,16.786471508251893,16.859277042119917,7.280553386802424e-2
2019/01/29,18.13469673910381,18.23846592291811,0.10376918381430045
2019/01/30,18.75490334949177,18.83415761672952,7.925426723775075e-2
2019/01/31,18.57037656223833,18.65835001880027,8.797345656194011e-2
2019/02/01,18.98460495873738,19.10218153882281,0.11757658008543004
2019/02/11,19.370829786142114,19.47031065254893,9.948086640681453e-2
2019/02/12,18.950609350385403,19.055489026435797,0.10487967605039472
2019/02/13,20.304952825701463,20.461651899208256,0.15669907350679324
2019/02/14,21.459556625950444,21.595748420296783,0.1361917943463382
2019/02/15,20.821221474129466,20.89085593834748,6.963446421801578e-2
2019/02/18,21.82898641464475,21.961318698018466,0.13233228337371727
2019/02/19,22.89570629643298,23.01497744196038,0.11927114552739937
2019/02/20,23.36117645581207,23.497564181910835,0.13638772609876426
2019/02/21,22.865301826156063,22.992110665927527,0.1268088397714635
2019/02/22,22.228938594496945,22.41000399519231,0.18106540069536337
2019/02/25,25.252471930261294,26.204239034422415,0.9517671041611209
2019/02/26,31.21204601988481,31.47501479946117,0.26296877957636156
2019/02/27,30.95193225143415,31.15262383814652,0.2006915867123702
2019/02/28,28.62660575667509,28.701776486162984,7.517072948789405e-2
2019/03/01,27.495259332035292,27.702179414967183,0.2069200829318909
2019/03/04,29.797425880398272,30.039713313894477,0.2422874334962053
2019/03/05,30.619025878554623,30.8403763888482,0.22135051029357555
2019/03/06,31.61448597811371,31.813471442047486,0.19898546393377714
2019/03/07,32.8412390970707,32.93229320656389,9.105410949319293e-2
2019/03/08,33.13008675156209,33.05672113641756,-7.336561514453166e-2
2019/03/11,30.366711559079224,30.31388439575521,-5.282716332401449e-2
2019/03/12,30.386305684774623,30.36013261415488,-2.6173070619741168e-2
2019/03/13,30.319621108078255,30.325920126731432,6.2990186531770576e-3
2019/03/14,29.13187805482062,29.122568728352093,-9.309326468528667e-3
2019/03/15,27.38650100101544,27.426918885479207,4.0417884463767706e-2
2019/03/18,28.21757985692715,28.400549521182683,0.18296966425553407
2019/03/19,28.903476293118125,29.02207191286558,0.11859561974745603
2019/03/20,29.03768800089617,29.16127624220652,0.12358824131034751
2019/03/21,29.788222911294348,29.88309064538455,9.486773409020088e-2
2019/03/22,29.31068757593408,29.387541752481983,7.685417654790427e-2
2019/03/25,27.456174574870186,27.3719207998863,-8.425377498388542e-2
2019/03/26,25.882332108607493,25.794774670942118,-8.75574376653745e-2
2019/03/27,24.924645985117884,24.927630996085,2.9850109671158975e-3
2019/03/28,23.592061261927032,23.576476976274748,-1.5584285652284535e-2
2019/03/29,24.617240073138642,24.750450242669274,0.13321016953063136
2019/04/01,26.575793104235345,26.823818721906196,0.24802561767085152
2019/04/02,28.977714559977798,29.07778834210802,0.10007378213022022
2019/04/03,28.432790083632085,28.574458758816096,0.14166867518401105
2019/04/04,30.159573697653435,30.28766931298267,0.12809561532923297
2019/04/08,32.23596980878991,32.34205900778939,0.10608919899947722
2019/04/09,30.404800173274023,30.491725186267825,8.69250129938024e-2
2019/04/10,30.603043132656975,30.667302797731956,6.42596650749816e-2
2019/04/11,30.516377090924053,30.52541884464004,9.041753715987255e-3
2019/04/12,27.94413572061991,27.926218468411427,-1.7917252208484058e-2
2019/04/15,28.031083634044318,28.001438034970995,-2.964559907332287e-2
2019/04/16,27.848989948085922,27.977991049617636,0.1290011015317134
2019/04/17,28.889822426112055,28.91726781004364,2.7445383931585354e-2
2019/04/18,28.749753771147407,28.750339082248992,5.853111015845514e-4
2019/04/19,28.331656202478744,28.39875586699867,6.7099664519926e-2
2019/04/22,29.673303214140123,29.60851761466564,-6.478559947448304e-2
2019/04/23,27.77711530817784,27.735530383517,-4.1584924660842404e-2
2019/04/24,27.224405882379948,27.191666513308064,-3.273936907188357e-2
2019/04/25,26.939223573394735,26.86963041104252,-6.95931623522128e-2
2019/04/26,26.160003438306255,26.064342382027387,-9.566105627886756e-2
2019/04/29,25.62206927839119,25.64278740402568,2.071812563448816e-2
2019/04/30,25.81047378294065,25.821068688067193,1.0594905126541931e-2
2019/05/06,29.54187095213614,29.527342751850465,-1.4528200285674586e-2
2019/05/07,26.49359994695638,26.48023063781079,-1.3369309145588204e-2
2019/05/08,27.437226824161304,27.417703366090336,-1.9523458070967337e-2
2019/05/09,29.17963675863454,29.137428311647817,-4.220844698672366e-2
2019/05/10,29.140183498774913,29.186792939542272,4.6609440767358734e-2
2019/05/13,27.93545879770229,27.921329562227697,-1.412923547459144e-2
2019/05/14,26.997421709697978,26.99325380422284,-4.167905475139122e-3
2019/05/15,25.276151530748752,25.34399890097298,6.78473702242286e-2
2019/05/16,24.07224133252268,24.113972505627437,4.17311731047576e-2
2019/05/17,23.87152052949034,23.91315576973766,4.163524024732013e-2
2019/05/20,23.587717342386448,23.570016464548793,-1.7700877837654616e-2
2019/05/21,22.626109033744886,22.657249181932627,3.11401481877418e-2
2019/05/22,21.876406978988292,21.93403391125531,5.762693226701643e-2
2019/05/23,22.568939485114758,22.59978758844582,3.084810333106347e-2
2019/05/24,22.77953844977888,22.822663112529483,4.312466275060345e-2
2019/05/27,23.477696321458314,23.5078891347917,3.019281333338597e-2
2019/05/28,22.34240430448362,22.42956017582102,8.715587133740144e-2
2019/05/29,21.69735562342684,21.78616890497354,8.881328154669887e-2
2019/05/30,21.577991201479506,21.646699121193986,6.870791971448043e-2
2019/05/31,22.27255916308891,22.318145926302414,4.558676321350319e-2
2019/06/03,22.648221059837898,22.708908969067142,6.06879092292445e-2
2019/06/04,23.24744971561679,23.28031585925582,3.286614363902984e-2
2019/06/05,22.88595697167915,22.917208361342336,3.12513896631863e-2
2019/06/06,22.91584739142333,22.94320053101688,2.735313959355068e-2
2019/06/10,21.69758023033667,21.770156247241427,7.257601690475823e-2
2019/06/11,20.730980716845384,20.819407794385782,8.842707754039836e-2
2019/06/12,21.173330271133842,21.233994620063953,6.0664348930110634e-2
2019/06/13,20.63057536474059,20.701834638099534,7.125927335894389e-2
2019/06/14,20.609869403272253,20.67101871388701,6.114931061475559e-2
2019/06/17,20.64940358243088,20.712251387774515,6.284780534363321e-2
2019/06/18,19.93987907486758,20.002126473527273,6.2247398659692976e-2
2019/06/19,18.870215030729675,18.972962839393066,0.10274780866339128
2019/06/20,22.581990584105025,22.712807086785507,0.1308165026804815
2019/06/21,25.116328054429125,25.10247346955265,-1.3854584876476395e-2
2019/06/24,26.206323078991684,26.19628145427048,-1.0041624721203846e-2
2019/06/25,26.340456424351,26.297930295476608,-4.2526128874392555e-2
2019/06/26,26.289011220799384,26.2585651016419,-3.0446119157485185e-2
2019/06/27,26.5081402221906,26.478798649062913,-2.9341573127688036e-2
2019/06/28,27.51718731522254,27.475088357946525,-4.2098957276014204e-2
2019/07/01,25.195796427486925,25.22646681146289,3.067038397596278e-2
2019/07/02,24.675190193072233,24.675568301319046,3.7810824681372424e-4
2019/07/03,23.688776578031817,23.663960599390638,-2.4815978641179015e-2
2019/07/04,23.22314938355861,23.189027618058912,-3.412176549969814e-2
2019/07/05,23.953614628431797,23.922299207830413,-3.131542060138415e-2
2019/07/08,23.102370000118462,23.033629373703114,-6.874062641534806e-2
2019/07/09,22.087985177989943,22.002465207088154,-8.551997090178887e-2
2019/07/10,22.122839175651546,22.0390370521557,-8.380212349584681e-2
2019/07/11,22.45032419617886,22.371198549373403,-7.912564680545842e-2
2019/07/12,22.361492253133402,22.288713657235515,-7.277859589788704e-2
2019/07/15,22.517823977114958,22.437927332289682,-7.989664482527559e-2
2019/07/16,22.78937838062214,22.705282717689105,-8.409566293303428e-2
2019/07/17,22.31555895776916,22.22776062120265,-8.779833656651093e-2
2019/07/18,22.159841295121225,22.059855418062384,-9.998587705884177e-2
2019/07/19,23.13753735935666,23.032169879186,-0.10536748017065989
2019/07/22,21.92002029537279,21.837425246799555,-8.259504857323563e-2
2019/07/23,20.756553700354452,20.667460642023737,-8.909305833071457e-2
2019/07/24,19.253044577752192,19.113820133684754,-0.1392244440674375
2019/07/25,18.28886420829849,18.220436842322847,-6.842736597564425e-2
2019/07/26,18.647421777419023,18.58096649646203,-6.645528095699405e-2
2019/07/29,19.601360457595046,19.558305249286676,-4.3055208308370396e-2
2019/07/30,19.78063848739905,19.767001131243987,-1.3637356155062008e-2
2019/07/31,20.19577872149618,20.166176687672344,-2.9602033823834972e-2
2019/08/01,18.127861998119403,18.124256514575656,-3.6054835437475674e-3
2019/08/02,18.69280075632056,18.67714577413922,-1.565498218133854e-2
2019/08/05,20.59835439834456,20.57145418075542,-2.690021758914085e-2
2019/08/06,22.214320101600585,22.215205141195216,8.850395946318201e-4
2019/08/07,21.420785868927574,21.45684328176871,3.605741284113506e-2
2019/08/08,20.92850948236843,20.97766082975538,4.9151347386949595e-2
2019/08/09,20.316643351611688,20.37400382489315,5.736047328146299e-2
2019/08/12,20.73451871926787,20.796284579207096,6.176585993922501e-2
2019/08/13,20.644124860262057,20.714820326920886,7.069546665882953e-2
2019/08/14,19.9668731440798,20.0281289981431,6.125585406330103e-2
2019/08/15,20.599669838900574,20.642496966718262,4.282712781768794e-2
2019/08/16,20.521038732825645,20.571056881003592,5.001814817794781e-2
2019/08/19,21.153858593362614,21.20994029864684,5.6081705284224626e-2
2019/08/20,20.99978420348836,21.068703408934073,6.891920544571306e-2
2019/08/21,20.132174999506784,20.227393402518086,9.521840301130169e-2
2019/08/22,19.936535873520807,20.027788548923052,9.125267540224513e-2
2019/08/23,20.234508126141534,20.369774351138123,0.13526622499658814
2019/08/26,21.465662102546506,21.59284766048715,0.127185557940642
2019/08/27,20.400469323707267,20.524158116304463,0.12368879259719634
2019/08/28,20.141507831703347,20.229479059788854,8.797122808550739e-2
2019/08/29,19.22405514164909,19.313046932345827,8.899179069673835e-2
2019/08/30,19.32497770396366,19.392190125312784,6.721242134912231e-2
2019/09/02,18.588542865789936,18.6436298254554,5.508695966546284e-2
2019/09/03,18.586668296503486,18.625217199148384,3.8548902644897964e-2
2019/09/04,18.05556496902001,18.097762138769653,4.2197169749641716e-2
2019/09/05,18.88563196998217,18.93713671810609,5.150474812391792e-2
2019/09/06,19.46588670551763,19.502186028146575,3.629932262894542e-2
2019/09/09,20.48864024818404,20.501243912385544,1.2603664201503051e-2
2019/09/10,20.033932874966254,20.046225866721574,1.229299175532006e-2
2019/09/11,19.944735824117764,19.94121612186067,-3.5197022570940817e-3
2019/09/12,19.273516432206314,19.297485676366595,2.3969244160280567e-2
2019/09/16,18.95802549374952,18.95906044825278,1.0349545032610763e-3
2019/09/17,18.387893337491185,18.384704782079623,-3.188555411561822e-3
2019/09/18,18.068329504190974,18.066846361412043,-1.4831427789303575e-3
2019/09/19,17.918254069894825,17.901163638475044,-1.7090431419781282e-2
2019/09/20,17.27354012968473,17.256096961150796,-1.7443168533933573e-2
2019/09/23,17.16092641651421,17.142821072915222,-1.810534359898952e-2
2019/09/24,16.759564503394277,16.754259385528613,-5.305117865663789e-3
2019/09/25,17.08286354219976,17.070135011374738,-1.2728530825022233e-2
2019/09/26,17.098351178842243,17.079170641383236,-1.9180537459007496e-2
2019/09/27,17.544392061359368,17.51869457657198,-2.5697484787386315e-2
2019/09/30,17.749017721444744,17.695208085757276,-5.3809635687468216e-2
2019/10/08,16.37320398945919,16.346105521987212,-2.7098467471976306e-2
2019/10/09,15.618939124850787,15.596226663050805,-2.2712461799981654e-2
2019/10/10,15.806956791399557,15.783357526356578,-2.35992650429786e-2
2019/10/11,16.134285933473354,16.121941401546376,-1.2344531926977709e-2
2019/10/14,15.095221896251726,15.118509098719862,2.3287202468136314e-2
2019/10/15,14.606007015643469,14.630360949912763,2.435393426929444e-2
2019/10/16,14.496565639145507,14.513711231289145,1.714559214363831e-2
2019/10/17,14.854431462401493,14.884941515983488,3.0510053581995322e-2
2019/10/18,15.285071807804487,15.265283956366652,-1.9787851437834902e-2
2019/10/21,14.731285060043616,14.719387379839821,-1.1897680203794891e-2
2019/10/22,14.484530255211617,14.473018523311259,-1.1511731900357702e-2
2019/10/23,14.313268248609617,14.28889595269664,-2.4372295912977293e-2
2019/10/24,14.024963682302563,14.005870049057545,-1.9093633245017116e-2
2019/10/25,13.749253690025895,13.729878477447924,-1.9375212577971368e-2
2019/10/28,14.072787754895321,14.06290724927836,-9.880505616960633e-3
2019/10/29,14.30725342561973,14.302309095347429,-4.944330272302011e-3
2019/10/30,14.58221730621193,14.566014495185991,-1.6202811025939567e-2
2019/10/31,14.763105442862399,14.758946399131071,-4.159043731327472e-3
2019/11/01,14.024450351333687,14.059046573773184,3.459622243949667e-2
2019/11/04,14.083438285810567,14.1526040341676,6.916574835703315e-2
2019/11/05,14.318992816417284,14.424782363316218,0.10578954689893472
2019/11/06,14.12231562941573,14.21501672875069,9.270109933495974e-2
2019/11/07,14.344615296859478,14.439238289470419,9.462299261094032e-2
2019/11/08,14.626857338230284,14.68566488784076,5.880754961047607e-2
2019/11/11,15.53935456896943,15.555993499641307,1.6638930671877716e-2
2019/11/12,15.033750884824501,15.048604308444688,1.485342362018649e-2
2019/11/13,15.276359085670208,15.28735623554221,1.099714987200251e-2
2019/11/14,15.56298100017244,15.575046334192152,1.2065334019711216e-2
2019/11/15,15.534976460286945,15.551568611375153,1.6592151088207885e-2
2019/11/18,14.694341195396172,14.744526447286551,5.018525189037959e-2
2019/11/19,13.890294891572246,13.949844419212084,5.954952763983812e-2
2019/11/20,13.913328144483486,13.942071200581191,2.8743056097704667e-2
2019/11/21,14.088421345401992,14.111306580142733,2.288523474074111e-2
2019/11/22,14.629035797087084,14.632687161570255,3.651364483170383e-3
2019/11/25,14.605599293225454,14.66154544907588,5.594615585042639e-2
2019/11/26,14.63591753909401,14.683119485601448,4.720194650743892e-2
2019/11/27,14.298247068383962,14.333963883520068,3.5716815136106916e-2
2019/11/28,13.646203258617899,13.660687204426067,1.448394580816803e-2
2019/11/29,14.169341271961672,14.166158423283004,-3.1828486786675825e-3
2019/12/02,13.620176740711834,13.609895376810243,-1.0281363901590623e-2
2019/12/03,13.382151924585193,13.378737016804163,-3.414907781030152e-3
2019/12/04,13.412031896097885,13.399315903233925,-1.2715992863959968e-2
2019/12/05,12.780353932129776,12.772509119611659,-7.844812518117195e-3
2019/12/06,12.219598455943313,12.21833654358677,-1.2619123565436041e-3
2019/12/09,12.405418436712154,12.397984419630209,-7.434017081944688e-3
2019/12/10,12.268978526522597,12.27150406207582,2.5255355532234347e-3
2019/12/11,12.508639339512992,12.504970364073195,-3.668975439797606e-3
2019/12/12,12.17129602703597,12.172858195388539,1.56216835256906e-3
2019/12/13,14.160924253122767,14.156664736244517,-4.2595168782497694e-3
2019/12/16,13.486436835452404,13.475157251024994,-1.1279584427409617e-2
2019/12/17,14.242945522058651,14.247377592521682,4.432070463030513e-3
2019/12/18,14.600908519661226,14.606762518922874,5.853999261647758e-3
2019/12/19,15.193191248726798,15.181716883164057,-1.147436556274073e-2
2019/12/20,14.876692268510045,14.866600663827764,-1.009160468228032e-2
2019/12/23,13.988749372014384,13.976242068844913,-1.2507303169471129e-2
2019/12/24,13.651709098833651,13.636483208021541,-1.5225890812109455e-2
2019/12/25,13.312942271044944,13.291071284778209,-2.187098626673567e-2
2019/12/26,13.471262888696604,13.447368028448217,-2.3894860248386607e-2
2019/12/27,13.79195256698752,13.77546830178565,-1.648426520186952e-2
2019/12/30,14.784868480643402,14.785169796630862,3.0131598746052646e-4
2019/12/31,15.292717234754571,15.271836239836123,-2.088099491844808e-2
2020/01/02,15.719617628965043,15.696540163596925,-2.3077465368118055e-2
2020/01/03,15.22107058477057,15.212170752935588,-8.899831834982663e-3
2020/01/06,15.881462707349478,15.846432941660666,-3.5029765688811665e-2
2020/01/07,16.091146397046025,16.07203770512005,-1.9108691925975307e-2
2020/01/08,16.29629977386368,16.246231958788417,-5.00678150752627e-2
2020/01/09,15.561334672933047,15.538468029474299,-2.2866643458748115e-2
2020/01/10,15.123906459158876,15.11297736270463,-1.0929096454246334e-2
2020/01/13,15.272985708801794,15.240821774345784,-3.216393445601007e-2
2020/01/14,14.40227348201082,14.435552894980214,3.327941296939407e-2
2020/01/15,14.514614846755268,14.510507529328798,-4.107317426470303e-3
2020/01/16,13.842169602193074,13.832487150047246,-9.68245214582808e-3
2020/01/17,13.379088962318,13.37978022840246,6.912660844591301e-4
2020/01/20,13.906217631214842,13.926308850636607,2.009121942176506e-2
2020/01/21,16.002710586235462,15.959797961353352,-4.2912624882109895e-2
2020/01/22,14.444169165393914,14.388562573022995,-5.560659237091947e-2
2020/01/23,16.63066827971865,16.523030210898824,-0.10763806881982418
2020/02/03,21.768156528124862,21.094033682292363,-0.6741228458324997
2020/02/04,23.4753868135627,23.408690893057276,-6.669592050542406e-2
2020/02/05,20.826570069470634,20.82291185357495,-3.65821589568327e-3
2020/02/06,20.97087319716974,20.96714606917342,-3.7271279963206894e-3
2020/02/07,22.29430347688719,22.31167724661239,1.7373769725200106e-2
2020/02/10,21.899731198493704,21.884772442779298,-1.4958755714406635e-2
2020/02/11,20.128774984100563,20.1266830515656,-2.0919325349630924e-3
2020/02/12,19.300001336858074,19.319509554078344,1.9508217220270296e-2
2020/02/13,19.766502571871985,19.79427969660469,2.777712473270455e-2
2020/02/14,18.854370224519773,18.899437066566577,4.506684204680411e-2
2020/02/17,18.97535223908843,19.031471433806235,5.611919471780524e-2
2020/02/18,19.152527075849328,19.186592992961568,3.4065917112240385e-2
2020/02/19,19.467680888783818,19.517609009076395,4.9928120292577205e-2
2020/02/20,19.666375390603875,19.730134227025793,6.375883642191837e-2
2020/02/21,20.842106415633538,20.857585680670322,1.547926503678454e-2
2020/02/24,22.84540644509012,22.846189824689905,7.833795997846948e-4
2020/02/25,23.290399530017723,23.33482696687783,4.442743686010786e-2
2020/02/26,23.9158140846038,24.001925052716732,8.61109681129335e-2
2020/02/27,20.50421242000673,20.52936594867335,2.5153528666621128e-2
2020/02/28,23.726860722259968,23.73399171466967,7.130992409702941e-3
2020/03/02,21.197696393608734,21.266681915632812,6.89855220240787e-2
2020/03/03,20.823468639706824,20.876413604239364,5.2944964532539274e-2
2020/03/04,20.850387041584305,20.930464124971884,8.00770833875788e-2
2020/03/05,21.569707558385314,21.64784619811654,7.813863973122537e-2
2020/03/06,22.90851478067154,22.952084261593274,4.356948092173596e-2
2020/03/09,28.055039884292228,28.05153084191099,-3.509042381239169e-3
2020/03/10,27.553773111035166,27.57330947032267,1.9536359287503302e-2
2020/03/11,27.42812395155153,27.401779501276373,-2.6344450275157527e-2
2020/03/12,29.84770153933136,29.77152694350155,-7.617459582981212e-2
2020/03/13,34.895246560636686,34.679870877653514,-0.2153756829831721
2020/03/16,34.66205276516057,33.936286052244476,-0.7257667129160907
2020/03/17,37.8948665416111,37.36674036145299,-0.528126180158111
2020/03/18,31.21169342432138,30.62524166535443,-0.5864517589669482
2020/03/19,34.6981562474872,34.15563685075401,-0.5425193967331907
2020/03/20,32.86033009216091,32.675286980740324,-0.18504311142058327
2020/03/23,36.001115490601734,35.63380156405051,-0.3673139265512262
2020/03/24,34.542816652517864,34.40439779666224,-0.13841885585562608
2020/03/25,33.64105011738813,33.59657781108164,-4.447230630649557e-2
2020/03/26,32.537356589799984,32.52104332699011,-1.6313262809873663e-2
2020/03/27,32.666269727290896,32.7002473489134,3.397762162250473e-2
2020/03/30,31.593234261474457,31.62886561480771,3.563135333325462e-2
2020/03/31,29.360880150754117,29.347175726721876,-1.3704424032241036e-2
2020/04/01,27.630295259113645,27.633505596012377,3.21033689873218e-3
2020/04/02,26.455634695055668,26.517730186109993,6.2095491054325436e-2
2020/04/03,27.35624027958785,27.42031356467051,6.407328508266019e-2
2020/04/07,25.056679363787204,25.177979845022552,0.1213004812353482
2020/04/08,23.853455162304904,23.92450934223946,7.105417993455632e-2
2020/04/09,22.69919654584816,22.769649248762303,7.04527029141424e-2
2020/04/10,21.933543682967326,22.010116136393222,7.657245342589647e-2
2020/04/13,20.45872575213458,20.52290118298391,6.417543084933186e-2
2020/04/14,19.707437908204874,19.80406485893407,9.662695072919547e-2
2020/04/15,20.373752588636542,20.46386435762986,9.01117689933173e-2
2020/04/16,20.01226232747646,20.112624066479718,0.10036173900325807
2020/04/17,20.02406627517027,20.137057413890187,0.1129911387199165
2020/04/20,20.528347988767027,20.632502493325134,0.10415450455810671
2020/04/21,20.47369399620627,20.56009346069045,8.639946448418101e-2
2020/04/22,19.44507438845037,19.57464848110125,0.1295740926508806
2020/04/23,18.838425244499085,18.94027906055816,0.10185381605907651
2020/04/24,18.608364036068707,18.72434839635517,0.1159843602864612
2020/04/27,18.42819889210667,18.51797509123364,8.977619912696966e-2
2020/04/28,18.4941254430916,18.616917507846413,0.12279206475481175
2020/04/29,19.322238676769157,19.436476126348474,0.11423744957931703
2020/04/30,21.413810310311355,21.49799943738462,8.418912707326598e-2
2020/05/06,20.617956714047224,20.664250387437285,4.629367339006052e-2
2020/05/07,19.54454143342473,19.603138900176827,5.8597466752097205e-2
2020/05/08,18.637700948615745,18.69188706193665,5.418611332090606e-2
2020/05/11,18.96616446042595,19.021715993237606,5.555153281165559e-2
2020/05/12,19.14201143419306,19.20356507545721,6.155364126415108e-2
2020/05/13,18.961943553670274,19.011146683125336,4.920312945506211e-2
2020/05/14,19.091429338144824,19.14657826625689,5.514892811206451e-2
2020/05/15,18.56008923430248,18.607728382492915,4.7639148190434355e-2
2020/05/18,18.225424867674274,18.288300785374055,6.287591769978107e-2
2020/05/19,17.40936837902355,17.4861958232501,7.682744422654864e-2
2020/05/20,17.49129889461516,17.58560153596337,9.430264134821087e-2
2020/05/21,18.52940226024075,18.616916670365626,8.751441012487504e-2
2020/05/22,21.621815306727395,21.724852041619453,0.10303673489205778
2020/05/25,19.238178246951986,19.327053716031084,8.887546907909893e-2
2020/05/26,18.584317703699263,18.68191312914138,9.759542544211541e-2
2020/05/27,19.507801604733828,19.6107808998979,0.10297929516407223
2020/05/28,19.14712729668715,19.228208599505955,8.108130281880577e-2
2020/05/29,19.40678024538022,19.490854395068467,8.407414968824867e-2
2020/06/01,17.263412638481988,17.349602792312737,8.619015383074924e-2
2020/06/02,17.355380938365474,17.421870726585833,6.6489788220359e-2
2020/06/03,17.925699452474905,17.974134107439255,4.843465496434973e-2
2020/06/04,18.106705115228795,18.15004662648961,4.334151126081309e-2
2020/06/05,17.351624101870833,17.396612240836507,4.498813896567455e-2
2020/06/08,17.347827448364875,17.39951953434981,5.169208598493569e-2
2020/06/09,17.597133484711172,17.653449525554834,5.63160408436616e-2
2020/06/10,17.809674605972255,17.869108741331207,5.9434135358952034e-2
2020/06/11,18.339741295829707,18.388303081366665,4.856178553695756e-2
2020/06/12,17.907094853482196,17.962442649332633,5.5347795850437365e-2
2020/06/15,19.261572290890925,19.28432869550122,2.2756404610294823e-2
2020/06/16,17.504573993390903,17.542533788060148,3.795979466924493e-2
2020/06/17,17.778611581667604,17.821887937485304,4.32763558176994e-2
2020/06/18,18.01797044361686,18.08114124486529,6.317080124842889e-2
2020/06/19,18.435835449781816,18.494371952598403,5.853650281658673e-2
2020/06/22,19.74168685537743,19.784068562015804,4.238170663837337e-2
2020/06/23,20.096807218587358,20.157493621147076,6.068640255971758e-2
2020/06/24,19.82119084141537,19.949756859367838,0.12856601795246902
2020/06/29,18.40607831150029,18.443675676911912,3.759736541162084e-2
2020/06/30,17.53552658449516,17.56704718753887,3.152060304370963e-2
2020/07/01,18.492154227351527,18.54601524721751,5.3861019865983906e-2
2020/07/02,22.21631725505612,22.26170257495534,4.5385319899221344e-2
2020/07/03,24.202970917872804,24.30604232234355,0.10307140447074659
2020/07/06,32.576535719349856,33.26073977341092,0.6842040540610625
2020/07/07,31.955988431048276,32.09144080749177,0.13545237644349584
2020/07/08,33.00690935206622,33.09184631217132,8.493696010510376e-2
2020/07/09,33.06384821320976,33.151395989424664,8.754777621490462e-2
2020/07/10,32.05270255691247,32.08637858394022,3.367602702774519e-2
2020/07/13,29.096884658144173,29.090846739940375,-6.037918203798398e-3
2020/07/14,29.193493923680975,29.24248699250401,4.899306882303378e-2
2020/07/15,29.605523528578924,29.573723925198404,-3.1799603380520125e-2
2020/07/16,31.937836047566563,31.793323830666026,-0.14451221690053728
2020/07/17,27.746480856362915,27.710979048568724,-3.5501807794190654e-2
2020/07/20,28.249873189749366,28.19347683546264,-5.6396354286725625e-2
2020/07/21,26.88739564570651,26.875834294744294,-1.1561350962214334e-2
2020/07/22,26.512016682427298,26.428820658954933,-8.319602347236454e-2
2020/07/23,27.635338989400545,27.583184986464925,-5.215400293561956e-2
2020/07/24,30.73814081817713,30.655523005317114,-8.26178128600148e-2
2020/07/27,29.217917926768216,29.185293775746825,-3.262415102139116e-2
2020/07/28,28.670795294776998,28.636867900841583,-3.392739393541433e-2
2020/07/29,29.208513326965452,29.24627470267921,3.7761375713756706e-2
2020/07/30,29.39833948320893,29.46541429066843,6.707480745950178e-2
2020/07/31,30.44759936965503,30.512363046757194,6.47636771021638e-2
2020/08/03,31.36484832107479,31.437023047513723,7.21747264389343e-2
2020/08/04,30.93409486817547,31.07963591121059,0.14554104303512005
2020/08/05,31.030136686594194,31.15054782288409,0.12041113628989564
2020/08/06,31.155976298142367,31.286731759776725,0.13075546163435803
2020/08/07,30.32461358041726,30.49553833105873,0.1709247506414684
2020/08/10,30.31446044181918,30.46436403258923,0.14990359077005166
2020/08/11,29.359515847612123,29.5310466700229,0.17153082241077655
2020/08/12,28.99494519771694,29.19507901331142,0.20013381559448007
2020/08/13,28.525723426882966,28.716067846627563,0.19034441974459781
2020/08/14,27.90395527549489,28.058602607255732,0.15464733176084167
2020/08/17,30.74142769454461,30.922502210588597,0.1810745160439886
2020/08/18,30.452210172731352,30.67632808005069,0.22411790731933934
2020/08/19,29.41634251643498,29.61830380051465,0.20196128407966896
2020/08/20,28.83032805960796,29.010108550599185,0.17978049099122373
2020/08/21,28.690190025754386,28.877119979991157,0.1869299542367706
2020/08/24,27.899750285069107,28.03954398151753,0.13979369644842166
2020/08/25,27.38994270484608,27.549829824590244,0.15988711974416248
2020/08/26,28.277157483868443,28.449563415913982,0.1724059320455389
2020/08/27,26.136404430668648,26.225033767434248,8.862933676559948e-2
2020/08/28,26.579307206629487,26.696076468175324,0.11676926154583711
2020/08/31,26.285434089533027,26.401598382962778,0.1161642934297511
2020/09/01,26.178249262653114,26.21894566308337,4.0696400430256574e-2
2020/09/02,26.614657718122427,26.71395159149304,9.929387337061257e-2
2020/09/03,26.70674122109235,26.797552971211182,9.081175011883147e-2
2020/09/04,26.570179953185402,26.625768229355316,5.55882761699138e-2
2020/09/07,26.905190330126562,26.92641553208739,2.122520196082789e-2
2020/09/08,26.27400849420038,26.26014941564091,-1.3859078559470106e-2
2020/09/09,27.050090769458464,27.0450184470318,-5.072322426663334e-3
2020/09/10,25.343891895663656,25.38354452894689,3.965263328323232e-2
2020/09/11,24.16199986780695,24.141059965208623,-2.0939902598328786e-2
2020/09/14,22.877120445173148,22.882858001519214,5.737556346065986e-3
2020/09/15,22.402989240271573,22.421231630083156,1.8242389811582882e-2
2020/09/16,21.65509818369212,21.654589339886815,-5.088438053064692e-4
2020/09/17,21.714733236708806,21.754204310765736,3.947107405693018e-2
2020/09/18,23.004304170979708,22.984316843703063,-1.9987327276645317e-2
2020/09/21,23.46606448957273,23.474878555181476,8.814065608746091e-3
2020/09/22,23.720711065004828,23.69271362279178,-2.799744221304934e-2
2020/09/23,22.58771238529961,22.50871864915706,-7.899373614255012e-2
2020/09/24,24.326758902161107,24.291141155969218,-3.5617746191888955e-2
2020/09/25,24.57153601836445,24.559200945141054,-1.233507322339733e-2
2020/09/28,25.80621619655555,25.759715878767498,-4.650031778805186e-2
2020/09/29,26.95597235097133,26.900560815756364,-5.541153521496511e-2
2020/09/30,27.505568296127496,27.4710330395103,-3.453525661719681e-2
2020/10/09,22.448796433974692,22.44206028654763,-6.736147427062633e-3
2020/10/12,24.22596701974253,24.278980317026388,5.301329728385795e-2
2020/10/13,24.085080733757227,24.096553995838207,1.1473262080979652e-2
2020/10/14,23.345412957578603,23.365150464685627,1.9737507107024044e-2
2020/10/15,23.837834402726102,23.868701958754418,3.086755602831559e-2
2020/10/16,23.6743484585013,23.697665792301446,2.331733380014711e-2
2020/10/19,22.844340955797342,22.84777687218627,3.4359163889270405e-3
2020/10/20,22.21181826189924,22.219765208987035,7.946947087795309e-3
2020/10/21,22.376271525575785,22.40964147278404,3.336994720825359e-2
2020/10/22,22.55835457370129,22.59481053742123,3.6455963719937756e-2
2020/10/23,22.965295553349723,22.980389861250707,1.5094307900984205e-2
2020/10/26,23.010714590030087,23.034044158262585,2.3329568232497877e-2
2020/10/27,23.183727403765914,23.199672798177847,1.5945394411932767e-2
2020/10/28,22.816574592063045,22.852496777754634,3.592218569158945e-2
2020/10/29,22.59925412010833,22.674705086315647,7.545096620731684e-2
2020/10/30,23.49094978204912,23.560281012414432,6.933123036531086e-2
2020/11/02,24.294735551557633,24.340237223340402,4.550167178276965e-2
2020/11/03,24.25046831526553,24.318380683415043,6.791236814951418e-2
2020/11/04,22.697634008410123,22.78808858435946,9.045457594933737e-2
2020/11/05,22.14462878791128,22.190321651788178,4.569286387689786e-2
2020/11/06,21.76266231458524,21.806220841369534,4.355852678429528e-2
2020/11/09,22.89046213382412,22.96038021208286,6.991807825874119e-2
2020/11/10,22.732290565562394,22.826033789595282,9.374322403288815e-2
2020/11/11,22.198149641077272,22.299900985102074,0.10175134402480168
2020/11/12,21.727640804449557,21.825434827406795,9.779402295723827e-2
2020/11/13,21.040710552519197,21.150583567729537,0.10987301521033999
2020/11/16,20.994533800512166,21.063671897960287,6.913809744812127e-2
2020/11/17,20.698779234267825,20.770949919340875,7.217068507305058e-2
2020/11/18,21.29823194955739,21.380905326608914,8.2673377051524e-2
2020/11/19,21.608437604438834,21.71474930276868,0.1063116983298471
2020/11/20,20.634947769770527,20.743298762788456,0.10835099301792894
2020/11/23,21.953233431739832,22.054282372838102,0.10104894109827
2020/11/24,21.178903130142317,21.23522308566968,5.631995552736413e-2
2020/11/25,20.807686987259547,20.898483855000475,9.079686774092721e-2
2020/11/26,19.660620960720152,19.713103695079155,5.24827343590033e-2
2020/11/27,20.36589784158396,20.458797341699885,9.289950011592651e-2
2020/11/30,20.542290107809656,20.622952468614354,8.066236080469835e-2
2020/12/01,22.932533213933567,23.006499810686208,7.396659675264061e-2
2020/12/02,23.627717399089097,23.62648116798055,-1.236231108546093e-3
2020/12/03,23.364533209101367,23.347397563261225,-1.7135645840141933e-2
2020/12/04,22.526613850404452,22.515845972822717,-1.0767877581734808e-2
2020/12/07,21.363305277259172,21.35574000927767,-7.565267981501478e-3
2020/12/08,20.3287115200734,20.306703145775636,-2.2008374297765698e-2
2020/12/09,19.654420560086137,19.629006047630977,-2.5414512455160576e-2
2020/12/10,18.749911363232016,18.730769802928457,-1.9141560303559402e-2
2020/12/11,19.28040857208371,19.2607873766856,-1.962119539811269e-2
2020/12/14,18.520092616196145,18.5187641082938,-1.32850790234329e-3
2020/12/15,18.47646859852798,18.482296508811597,5.827910283617399e-3
2020/12/16,18.577080841272945,18.586358611572425,9.277770299480181e-3
2020/12/17,18.90387421700529,18.895558533455045,-8.315683550243591e-3
2020/12/18,18.30852609846609,18.30376249337577,-4.763605090317924e-3
2020/12/21,19.53678185763105,19.52277072134161,-1.4011136289436621e-2
2020/12/22,19.27855524388009,19.258202351662867,-2.0352892217221807e-2
2020/12/23,18.910760252521346,18.893077772306018,-1.76824802153277e-2
2020/12/24,18.38836059167527,18.38307049643893,-5.290095236340164e-3
2020/12/25,18.159466476590786,18.15268796670338,-6.77850988740758e-3
2020/12/28,18.50365081943894,18.49596099799999,-7.68982143894803e-3
2020/12/29,18.929559932533444,18.916384832723168,-1.3175099810275981e-2
2020/12/30,18.98381635748902,18.968648881548145,-1.5167475940874198e-2
2020/12/31,20.06085288489127,20.058800861228985,-2.0520236622836308e-3
2021/01/04,20.687613058641848,20.696573165473055,8.96010683120707e-3
2021/01/05,20.65368100626961,20.68905858313169,3.537757686207854e-2
2021/01/06,22.27052084153205,22.304907319579062,3.438647804701134e-2
2021/01/07,25.352831271291983,25.451239397717856,9.840812642587338e-2
2021/01/08,25.449726747690104,25.501611742446347,5.1884994756242975e-2
2021/01/11,23.178378081233003,23.25916087760973,8.078279637672736e-2
2021/01/12,24.482303430439625,24.625732649424627,0.14342921898500194
2021/01/13,24.22665046611521,24.32442260793762,9.777214182241067e-2
2021/01/14,23.86973985441391,23.911929833442336,4.218997902842503e-2
2021/01/15,22.069058030328144,22.096704084561168,2.764605423302413e-2
2021/01/18,22.424250856431964,22.468027996305537,4.377713987357268e-2
2021/01/19,22.601912316732534,22.64988425095844,4.7971934225905954e-2
2021/01/20,22.382112907640217,22.437244778016066,5.513187037584899e-2
2021/01/21,23.43542973230908,23.476346693039552,4.091696073047402e-2
2021/01/22,22.426033365432957,22.46428496190863,3.8251596475671334e-2
2021/01/25,23.2816676861956,23.38230280310723,0.1006351169116293
2021/01/26,23.117793846762652,23.179727133653394,6.193328689074207e-2
2021/01/27,22.656123706304232,22.71733414385566,6.121043755142708e-2
2021/01/28,24.169552369228608,24.24454915269237,7.49967834637637e-2
2021/01/29,24.336777426946487,24.384330513121018,4.7553086174531245e-2
2021/02/01,24.72719524343048,24.833083660951687,0.10588841752120715
2021/02/02,22.97071519978989,23.097570851365475,0.12685565157558543
2021/02/03,21.763965406981605,21.9102959281321,0.14633052115049594
2021/02/04,22.767304377343176,22.946525097246614,0.17922071990343724
2021/02/05,23.17081105288793,23.33524042993192,0.1644293770439873
2021/02/08,23.520396587508316,23.712725682001643,0.1923290944933278
2021/02/09,23.058438060042207,23.278137972358397,0.2196999123161909
2021/02/10,24.3992401392177,24.714175442989152,0.3149353037714526
2021/02/18,24.039519175733503,24.306239720216862,0.26672054448335913
2021/02/19,21.90983216925842,22.122629779126353,0.21279760986793406
2021/02/22,24.21145742900224,24.399098329487323,0.18764090048508208
2021/02/23,23.69841246367672,23.86672205785587,0.16830959417914926
2021/02/24,24.429826651615887,24.54563302814772,0.11580637653183246
2021/02/25,22.875765197728906,22.991954489735917,0.11618929200701089
2021/02/26,25.515963696570427,25.60744605347192,9.14823569014942e-2
2021/03/01,23.933369360845525,24.018868643866913,8.54992830213881e-2
2021/03/02,23.298618907464867,23.333229885041316,3.461097757644893e-2
2021/03/03,23.068996069019125,23.129518124026617,6.0522055007492526e-2
2021/03/04,24.850862014779434,24.847365836652838,-3.4961781265963054e-3
2021/03/05,25.532853397369838,25.550075072710165,1.7221675340326925e-2
2021/03/08,26.900594830654722,26.83129788015286,-6.929695050186169e-2
2021/03/09,26.611228580074876,26.52366176967255,-8.75668104023255e-2
2021/03/10,25.90003809048349,25.88480178823919,-1.5236302244300504e-2
2021/03/11,23.931340924594704,23.9457886089996,1.4447684404895966e-2
2021/03/12,22.515765998924394,22.53801831215629,2.225231323189547e-2
2021/03/15,23.262465238441713,23.287469341358094,2.5004102916380333e-2
2021/03/16,22.554035580871847,22.602584639597463,4.854905872561588e-2
2021/03/17,22.771782896057953,22.797749007547328,2.5966111489374555e-2
2021/03/18,22.373080470679753,22.429882192771025,5.680172209127221e-2
2021/03/19,22.920694864718296,22.957620142507846,3.692527778954968e-2
2021/03/22,22.276641558921074,22.310606076581074,3.3964517659999416e-2
2021/03/23,21.462202642937335,21.5561922435465,9.39896006091665e-2
2021/03/24,21.847757661879584,21.875166175710653,2.740851383106957e-2
2021/03/25,21.19369270035395,21.191153965405476,-2.5387349484731203e-3
2021/03/26,20.112662212307374,20.10861908118802,-4.0431311193529496e-3
2021/03/29,20.100100138747955,20.109630048902595,9.52991015464022e-3
2021/03/30,20.110582298668778,20.163219876340445,5.263757767166766e-2
2021/03/31,19.782638360171735,19.80113688433561,1.8498524163874208e-2
2021/04/01,19.09836997855746,19.139976032146816,4.1606053589354985e-2
2021/04/02,19.254378687306158,19.343215597928232,8.883691062207433e-2
2021/04/06,19.541973069737896,19.57520758170942,3.323451197152494e-2
2021/04/07,18.85660041587039,18.87244898327909,1.5848567408699665e-2
2021/04/08,18.52008416374203,18.567710920111026,4.762675636899516e-2
2021/04/09,18.37011061615158,18.46011324144861,9.000262529702852e-2
2021/04/12,19.286721286030307,19.32122448506515,3.4503199034844556e-2
2021/04/13,19.249920564414335,19.27104888647341,2.1128322059073668e-2
2021/04/14,19.127346832078025,19.149029740768032,2.1682908690006997e-2
2021/04/15,19.24238430811943,19.239650812402655,-2.7334957167752805e-3
2021/04/16,18.98402290705849,18.999606473797943,1.5583566739454824e-2
2021/04/19,19.463959661706927,19.482683475858543,1.8723814151616835e-2
2021/04/20,19.51746675713453,19.618204951960692,0.10073819482616031
2021/04/21,19.748887633848668,19.84107779263527,9.219015878660386e-2
2021/04/22,19.68595690477049,19.742660458653553,5.670355388306447e-2
2021/04/23,19.72697714610525,19.76653540565162,3.955825954637149e-2
2021/04/26,20.418774465098526,20.463299046297045,4.452458119851954e-2
2021/04/27,20.065828553322167,20.130312658574788,6.448410525262105e-2
2021/04/28,19.797107899189477,19.864151771103455,6.704387191397743e-2
2021/04/29,19.674064858979385,19.706194235527022,3.212937654763692e-2
2021/04/30,19.404404812506723,19.476162511225663,7.175769871894033e-2
2021/05/06,19.337779373783828,19.32693464983995,-1.0844723943879586e-2
2021/05/07,19.11150909214629,19.09101716787597,-2.0491924270316986e-2
2021/05/10,18.98791703423511,18.951988298572513,-3.592873566259769e-2
2021/05/11,19.28287529289787,19.251251157233636,-3.162413566423439e-2
2021/05/12,19.5121508491951,19.483261399323474,-2.8889449871623896e-2
2021/05/13,19.570928214077565,19.53896920612088,-3.195900795668649e-2
2021/05/14,19.88674285858891,19.829071416389557,-5.7671442199353606e-2
2021/05/17,20.68378861867772,20.646681758525517,-3.7106860152203325e-2
2021/05/18,20.316081205892868,20.290965235565945,-2.5115970326922366e-2
2021/05/19,19.685166268719335,19.65951720686407,-2.5649061855265387e-2
2021/05/20,19.696372627859297,19.668224217958226,-2.8148409901071147e-2
2021/05/21,19.36644946247196,19.34431863675051,-2.2130825721447422e-2
2021/05/24,19.395123302314023,19.378573282235546,-1.655002007847628e-2
2021/05/25,21.438771216885495,21.399935427250487,-3.8835789635008666e-2
2021/05/26,21.460278343666232,21.428324772558774,-3.195357110745789e-2
2021/05/27,22.429964140006177,22.398219517523945,-3.174462248223264e-2
2021/05/28,22.237386629556095,22.18898826099297,-4.839836856312374e-2
2021/05/31,22.71154640339093,22.66966362113414,-4.188278225678843e-2
2021/06/01,22.48651394466371,22.443178245192648,-4.333569947106142e-2
2021/06/02,21.0913364679504,21.055637221788277,-3.569924616212106e-2
2021/06/03,20.304790853927596,20.26428978737671,-4.05010665508847e-2
2021/06/04,20.46769973803886,20.41933129021748,-4.836844782137817e-2
2021/06/07,21.034538879352922,20.965633663637874,-6.890521571504848e-2
2021/06/08,21.58734391258479,21.540211348116706,-4.713256446808245e-2
2021/06/09,20.738091029856164,20.72077492570755,-1.7316104148616063e-2
2021/06/10,19.9589565565427,19.919991820594422,-3.896473594827654e-2
2021/06/11,20.118085886872986,20.089280930888,-2.8804955984988112e-2
2021/06/15,19.785146573714954,19.74483360395144,-4.0312969763512285e-2
2021/06/16,20.822039091189907,20.79276915585919,-2.926993533071709e-2
2021/06/17,19.812491793170878,19.837141502576753,2.464970940587463e-2
2021/06/18,19.855129415582002,19.852010188591695,-3.119226990307311e-3
2021/06/21,20.335951793741135,20.32882170276973,-7.130090971404712e-3
2021/06/22,19.890703931426525,19.91999093859574,2.9287007169212842e-2
2021/06/23,18.39397571870213,18.465048433237133,7.107271453500275e-2
2021/06/24,17.83708639162298,17.802072822197097,-3.501356942588174e-2
2021/06/25,18.072561464916514,18.022843887195407,-4.971757772110763e-2
2021/06/28,18.314883392058114,18.25581327680709,-5.90701152510249e-2
2021/06/29,18.095294266592273,18.052075714217267,-4.3218552375005714e-2
2021/06/30,18.63846867273925,18.58512155792803,-5.3347114811220564e-2
2021/07/01,18.28021330001847,18.2564883988735,-2.3724901144969834e-2
2021/07/02,19.000540109788673,19.007165858867506,6.625749078832399e-3
2021/07/05,18.268612590699536,18.282639018676715,1.4026427977178457e-2
2021/07/06,18.028530484397187,18.03896751923594,1.0437034838751913e-2
2021/07/07,17.610430067992443,17.626013629609567,1.558356161712382e-2
2021/07/08,18.456958412330053,18.468738206528332,1.1779794198279347e-2
2021/07/09,18.43251852042423,18.498981833496817,6.646331307258535e-2
2021/07/12,18.931285438126228,18.91029556019364,-2.0989877932588996e-2
2021/07/13,18.627608361454833,18.621363738120262,-6.244623334570321e-3
2021/07/14,18.683162146209078,18.71342324602694,3.0261099817863624e-2
2021/07/15,18.306979418405827,18.32822876152164,2.124934311581228e-2
2021/07/16,18.42608643065439,18.42003096076542,-6.055469888970322e-3
2021/07/19,18.563002344346028,18.5680647371379,5.062392791870707e-3
2021/07/20,18.94394823096266,18.960603208433202,1.66549774705409e-2
2021/07/21,18.41682714727772,18.445338045304865,2.851089802714668e-2
2021/07/22,18.36970094628978,18.40071920561951,3.101825932973057e-2
2021/07/23,18.26861607561279,18.282895892071128,1.4279816458337535e-2
2021/07/26,21.688422237260728,21.698814058783693,1.0391821522965472e-2
2021/07/27,23.69468909247415,23.609307176140153,-8.538191633399705e-2
2021/07/28,22.413280605816166,22.43691516326832,2.3634557452155036e-2
2021/07/29,20.80923700495597,20.771349714335596,-3.7887290620375325e-2
2021/07/30,20.264601992107604,20.224298354280847,-4.03036378267565e-2
2021/08/02,20.335932286477547,20.27403783492977,-6.189445154777573e-2
2021/08/03,19.50776191175293,19.467622260071746,-4.013965168118361e-2
2021/08/04,19.6534863172619,19.59847788402771,-5.5008433234192466e-2
2021/08/05,19.343246932513043,19.28292180398838,-6.032512852466354e-2
2021/08/06,18.8860811642743,18.814380823901537,-7.170034037276451e-2
2021/08/09,18.950698967609693,18.885368126328444,-6.533084128124855e-2
2021/08/10,19.48162588212989,19.413778099742547,-6.78477823873429e-2
2021/08/11,19.235815624969327,19.202618410729645,-3.319721423968147e-2
2021/08/12,19.130924820275713,19.06374666583518,-6.717815444053343e-2
2021/08/13,18.943913998169908,18.868680729860053,-7.52332683098551e-2
2021/08/16,19.50110667044822,19.42201402274512,-7.909264770309932e-2
2021/08/17,20.444599124873864,20.38219685048653,-6.24022743873347e-2
2021/08/18,19.454758462797564,19.348726036215247,-0.10603242658231693
2021/08/19,20.1495599003391,20.064456577915497,-8.510332242360263e-2
2021/08/20,21.757054354331,21.591077393020267,-0.16597696131073292
2021/08/23,21.170422463669034,21.089392531956076,-8.102993171295836e-2
2021/08/24,20.00756063951222,19.989130377418178,-1.843026209404286e-2
2021/08/25,19.901810269737105,19.881234078665763,-2.057619107134201e-2
2021/08/26,20.28135870916988,20.211230012802304,-7.012869636757557e-2
2021/08/27,19.987878301100807,19.96481245526511,-2.3065845835695598e-2
2021/08/30,20.75874049999726,20.72883824195133,-2.9902258045929386e-2
2021/08/31,20.54127865258048,20.48667751241631,-5.460114016416995e-2
2021/09/01,20.850986032418305,20.787451888952738,-6.353414346556718e-2
2021/09/02,21.326995623535716,21.270147299423904,-5.684832411181162e-2
2021/09/03,21.095013114557034,21.058930666920496,-3.6082447636538006e-2
2021/09/06,20.909123556748224,20.918644865475507,9.521308727283184e-3
2021/09/07,21.009559534035567,21.101520047469503,9.196051343393563e-2
2021/09/08,21.272422621558235,21.2807738918935,8.351270335264616e-3
2021/09/09,21.071202782747818,21.07728520199596,6.082419248141235e-3
2021/09/10,20.71871234583899,20.801389060410873,8.267671457188186e-2
2021/09/13,21.093785873846237,21.153188825477315,5.940295163107834e-2
2021/09/14,20.72321060532511,20.718550295219014,-4.660310106096688e-3
2021/09/15,20.956648133093026,21.018063008772824,6.141487567979809e-2
2021/09/16,21.70433447178931,21.750001366541134,4.566689475182528e-2
2021/09/17,20.055737686882704,20.10217234442217,4.64346575394643e-2
2021/09/22,21.709550247015144,21.78773902709466,7.818878007951469e-2
2021/09/23,20.947961611267633,21.007128961992503,5.9167350724870005e-2
2021/09/24,19.70991147408427,19.81930476374932,0.10939328966505002
2021/09/27,20.23544934072108,20.318340273969042,8.289093324796326e-2
2021/09/28,20.540804254685685,20.61574989348093,7.494563879524563e-2
2021/09/29,21.16961543940837,21.2580030319315,8.838759252313011e-2
2021/09/30,21.31487854713775,21.380061587363233,6.518304022548449e-2
2021/10/08,19.527003017092053,19.637862190470525,0.11085917337847206
2021/10/11,19.347499078267933,19.400021157194477,5.252207892654326e-2
2021/10/12,19.172044199729797,19.258441418801613,8.639721907181652e-2
2021/10/13,19.270367504223447,19.337180108277398,6.681260405395051e-2
2021/10/14,19.089906026874353,19.12003453217549,3.0128505301139086e-2
2021/10/15,18.76395293340335,18.82887809386079,6.492516045744168e-2
2021/10/18,19.72843886678945,19.813310659035405,8.487179224595565e-2
2021/10/19,18.78298083290867,18.90410345818565,0.12112262527697837
2021/10/20,18.696199808114624,18.744534657802898,4.833484968827406e-2
2021/10/21,18.94325802280529,18.981352539139127,3.809451633383887e-2
2021/10/22,19.02991014865879,19.091569040987128,6.1658892328338766e-2
2021/10/25,19.610685822868675,19.661554710279898,5.0868887411223085e-2
2021/10/26,19.382272274378593,19.42517124589973,4.289897152113653e-2
2021/10/27,19.258131208194083,19.346662349550186,8.85311413561034e-2
2021/10/28,19.048501421358935,19.14634979985864,9.784837849970529e-2
2021/10/29,18.927851701915372,18.94165287426649,1.3801172351119106e-2
2021/11/01,19.476258131422043,19.537002407072844,6.074427565080143e-2
2021/11/02,20.380545436806287,20.424274483451228,4.372904664494115e-2
2021/11/03,20.644163127139606,20.63693629881907,-7.226828320536782e-3
2021/11/04,19.553095926845728,19.562551935023528,9.456008177799902e-3
2021/11/05,19.205543431960024,19.21680953219113,1.1266100231107856e-2
2021/11/08,19.940814218872802,19.924805222612658,-1.600899626014396e-2
2021/11/09,19.96302187541513,19.929651328039387,-3.337054737574263e-2
2021/11/10,19.852233958794724,19.809598965042973,-4.263499375175073e-2
2021/11/11,19.33464578232665,19.368153535059523,3.350775273287354e-2
2021/11/12,19.105431945186083,19.126422841642743,2.0990896456659414e-2
2021/11/15,19.454324900580907,19.481631656671418,2.7306756090510476e-2
2021/11/16,19.107479563282865,19.14951119440208,4.203163111921526e-2
2021/11/17,19.197759676383082,19.191214911362948,-6.5447650201342356e-3
2021/11/18,19.049410006035707,19.016706406427613,-3.2703599608094436e-2
2021/11/19,18.784473851716626,18.778992697350972,-5.481154365654106e-3
2021/11/22,18.620215351231508,18.610960426973055,-9.254924258453201e-3
2021/11/23,18.324572566081702,18.333226800020437,8.65423393873499e-3
2021/11/24,17.85724436970755,17.90781266724182,5.056829753426939e-2
2021/11/25,17.160382485780232,17.18551323116492,2.5130745384686293e-2
2021/11/26,17.128584122154606,17.11923653699509,-9.34758515951728e-3
2021/11/29,17.283721017253363,17.288350379203425,4.629361950062361e-3
2021/11/30,17.19485640299355,17.18573824844719,-9.118154546360557e-3
2021/12/01,16.86506327678184,16.853929945757688,-1.113333102415126e-2
2021/12/02,16.36534962128369,16.356461483123304,-8.888138160386916e-3
2021/12/03,15.635524352558527,15.626292153977955,-9.232198580571449e-3
2021/12/06,15.94485183873357,15.945614003271192,7.621645376225672e-4
2021/12/07,16.074070611318163,16.082354086263045,8.28347494488213e-3
2021/12/08,17.301416844490817,17.283965667714025,-1.7451176776791755e-2
2021/12/09,18.118176749331408,18.122592654133708,4.415904802300474e-3
2021/12/10,17.560901929033914,17.544590834101136,-1.6311094932778047e-2
2021/12/13,17.975788035719635,17.960511896332143,-1.5276139387491838e-2
2021/12/14,17.346096529791257,17.342635078793016,-3.4614509982411334e-3
2021/12/15,16.84694690807244,16.825246042680725,-2.1700865391714785e-2
2021/12/16,16.883296552406176,16.846565610390147,-3.673094201602822e-2
2021/12/17,17.005386002846056,16.982330641809813,-2.305536103624206e-2
2021/12/20,17.81019453696666,17.79947665991977,-1.0717877046889868e-2
2021/12/21,17.175020708743087,17.151080836531506,-2.393987221158156e-2
2021/12/22,16.640742361175285,16.61188216404714,-2.8860197128143028e-2
2021/12/23,15.732001118948395,15.701263340646202,-3.073777830219271e-2
2021/12/24,15.958832187608445,15.927665221041998,-3.116696656644713e-2
2021/12/27,16.46750960292944,16.448052047258233,-1.9457555671205995e-2
2021/12/28,16.45488197799674,16.415867632329736,-3.901434566700601e-2
2021/12/29,17.870521326591756,17.858872333294624,-1.1648993297132648e-2
2021/12/30,17.228822422956842,17.208291945076397,-2.0530477880445375e-2
2021/12/31,17.468249979531382,17.436393742649916,-3.185623688146677e-2
2022/01/04,17.79474270621734,17.786775323151353,-7.96738306598499e-3
2022/01/05,18.30144722717335,18.302727679812165,1.2804526388130455e-3
2022/01/06,18.613957123672904,18.581542389037743,-3.241473463516087e-2
2022/01/07,17.81321669339298,17.78896838104405,-2.4248312348930767e-2
2022/01/10,17.958184382026158,17.93320631502987,-2.4978066996286685e-2
2022/01/11,17.982738140942832,17.959131042557473,-2.3607098385358682e-2
2022/01/12,17.317841882563073,17.312193468014243,-5.648414548829805e-3
2022/01/13,18.61123309109588,18.62625418624611,1.5021095150231645e-2
2022/01/14,18.876861829172416,18.8343078712134,-4.2553957959015065e-2
2022/01/17,18.327260882658823,18.31766135838204,-9.599524276783455e-3
2022/01/18,17.8177337084994,17.86632352378495,4.8589815285549065e-2
2022/01/19,17.930745291130503,17.999193264296075,6.844797316557205e-2
2022/01/20,17.966321618245836,17.976851422065177,1.0529803819341765e-2
2022/01/21,18.012047539328957,18.03030725042794,1.8259711098981057e-2
2022/01/24,18.94503334644121,18.964074316660437,1.904097021922624e-2
2022/01/25,21.02653324181886,21.036171887144878,9.638645326017325e-3
2022/01/26,20.050208950496334,20.086723164635973,3.6514214139639734e-2
2022/01/27,20.40801321724835,20.402385169731215,-5.62804751713486e-3
2022/01/28,22.981515597846172,22.898036709482533,-8.347888836363992e-2
2022/02/07,19.033248341212055,19.03716596819168,3.917626979625055e-3
2022/02/08,18.49381737759651,18.46274388250756,-3.107349508895041e-2
2022/02/09,17.8111658502683,17.789497480483835,-2.1668369784464403e-2
2022/02/10,17.365652068520596,17.346452117755966,-1.9199950764630103e-2
2022/02/11,17.016505526113722,16.996932968844376,-1.957255726934548e-2
2022/02/14,17.712718807319288,17.725253701684856,1.253489436556876e-2
2022/02/15,17.73471739306623,17.73394231586726,-7.750771989698535e-4
2022/02/16,16.91269357944861,16.910527852316175,-2.1657271324357907e-3
2022/02/17,16.878236128171135,16.87851804383248,2.819156613433904e-4
2022/02/18,16.40076621971023,16.39538200325883,-5.384216451400192e-3
2022/02/21,16.418516621340242,16.40192296826192,-1.6593653078320614e-2
2022/02/22,17.74882949785097,17.741475336344173,-7.354161506796686e-3
2022/02/23,16.685158819068,16.663071861409517,-2.2086957658483897e-2
2022/02/24,18.00595709569896,18.010875231898236,4.9181361992758355e-3
2022/02/25,17.29844713179817,17.301906889744277,3.4597579461070893e-3
2022/02/28,17.67309486672901,17.684289118051684,1.1194251322674376e-2
2022/03/01,16.689456461045854,16.706784737188276,1.7328276142421828e-2
2022/03/02,16.769205486189644,16.782357354142075,1.3151867952430507e-2
2022/03/03,16.908255678127595,16.943014882244892,3.4759204117296605e-2
2022/03/04,16.643476476950998,16.6679281706823,2.445169373130085e-2
2022/03/07,19.90741064876309,19.817153775482,-9.025687328108845e-2
2022/03/08,21.627518884748557,21.52411909324906,-0.1033997914994984
2022/03/09,23.702911680575657,23.612123892024417,-9.078778855123915e-2
2022/03/10,21.19035233559603,21.141855639724465,-4.8496695871566686e-2
2022/03/11,22.121197273050207,22.077820418470502,-4.337685457970508e-2
2022/03/14,24.85983047962406,24.687445059362144,-0.1723854202619144
2022/03/15,25.955656836384577,25.28736106765073,-0.6682957687338487
2022/03/16,26.926685758303133,26.93334535150671,6.659593203576009e-3
2022/03/17,24.65284573980395,24.716105466365544,6.325972656159351e-2
2022/03/18,23.79832086708182,23.873845466541248,7.552459945942758e-2
2022/03/21,23.50335076392573,23.537428819306903,3.407805538117259e-2
2022/03/22,22.229220564766848,22.287350603196018,5.813003842916942e-2
2022/03/23,20.51029310870669,20.59020056189382,7.990745318712911e-2
2022/03/24,19.79963225848332,19.86537035329237,6.573809480904913e-2
2022/03/25,21.72522333598269,21.8399141313037,0.11469079532101034
